{
  "Get Buyer Product Request" : {
    "transaction" : "Get Buyer Product Request",
    "sampleCount" : 2,
    "errorCount" : 0,
    "errorPct" : 0.0,
    "meanResTime" : 4559.0,
    "medianResTime" : 4559.0,
    "minResTime" : 3538.0,
    "maxResTime" : 5580.0,
    "pct1ResTime" : 5580.0,
    "pct2ResTime" : 5580.0,
    "pct3ResTime" : 5580.0,
    "throughput" : 0.20389438270975635,
    "receivedKBytesPerSec" : 992.9931217504334,
    "sentKBytesPerSec" : 0.06929223162401876
  },
  "Get Buyer Product Request By ID" : {
    "transaction" : "Get Buyer Product Request By ID",
    "sampleCount" : 2,
    "errorCount" : 0,
    "errorPct" : 0.0,
    "meanResTime" : 300.0,
    "medianResTime" : 300.0,
    "minResTime" : 298.0,
    "maxResTime" : 302.0,
    "pct1ResTime" : 302.0,
    "pct2ResTime" : 302.0,
    "pct3ResTime" : 302.0,
    "throughput" : 0.30229746070133007,
    "receivedKBytesPerSec" : 0.2488640228234583,
    "sentKBytesPerSec" : 0.10361953975211609
  },
  "Get Seller Request By ID" : {
    "transaction" : "Get Seller Request By ID",
    "sampleCount" : 2,
    "errorCount" : 0,
    "errorPct" : 0.0,
    "meanResTime" : 305.0,
    "medianResTime" : 305.0,
    "minResTime" : 283.0,
    "maxResTime" : 327.0,
    "pct1ResTime" : 327.0,
    "pct2ResTime" : 327.0,
    "pct3ResTime" : 327.0,
    "throughput" : 0.44622936189201245,
    "receivedKBytesPerSec" : 0.32312409359660865,
    "sentKBytesPerSec" : 0.15469865573404729
  },
  "Total" : {
    "transaction" : "Total",
    "sampleCount" : 22,
    "errorCount" : 2,
    "errorPct" : 9.090909,
    "meanResTime" : 906.9545454545454,
    "medianResTime" : 346.0,
    "minResTime" : 277.0,
    "maxResTime" : 5580.0,
    "pct1ResTime" : 2930.1999999999985,
    "pct2ResTime" : 5273.699999999995,
    "pct3ResTime" : 5580.0,
    "throughput" : 1.4007385712466573,
    "receivedKBytesPerSec" : 621.7342421884948,
    "sentKBytesPerSec" : 23.811001269419332
  },
  "Delete Seller Request By ID" : {
    "transaction" : "Delete Seller Request By ID",
    "sampleCount" : 2,
    "errorCount" : 0,
    "errorPct" : 0.0,
    "meanResTime" : 377.5,
    "medianResTime" : 377.5,
    "minResTime" : 363.0,
    "maxResTime" : 392.0,
    "pct1ResTime" : 392.0,
    "pct2ResTime" : 392.0,
    "pct3ResTime" : 392.0,
    "throughput" : 0.4355400696864111,
    "receivedKBytesPerSec" : 0.13695693597560976,
    "sentKBytesPerSec" : 0.16035020143728224
  },
  "Get Buyer Order Request By ID" : {
    "transaction" : "Get Buyer Order Request By ID",
    "sampleCount" : 2,
    "errorCount" : 0,
    "errorPct" : 0.0,
    "meanResTime" : 577.0,
    "medianResTime" : 577.0,
    "minResTime" : 308.0,
    "maxResTime" : 846.0,
    "pct1ResTime" : 846.0,
    "pct2ResTime" : 846.0,
    "pct3ResTime" : 846.0,
    "throughput" : 0.30152268958239103,
    "receivedKBytesPerSec" : 0.34009639303482586,
    "sentKBytesPerSec" : 0.10364842454394693
  },
  "Put Buyer Order Request" : {
    "transaction" : "Put Buyer Order Request",
    "sampleCount" : 2,
    "errorCount" : 0,
    "errorPct" : 0.0,
    "meanResTime" : 326.0,
    "medianResTime" : 326.0,
    "minResTime" : 300.0,
    "maxResTime" : 352.0,
    "pct1ResTime" : 352.0,
    "pct2ResTime" : 352.0,
    "pct3ResTime" : 352.0,
    "throughput" : 0.32573289902280134,
    "receivedKBytesPerSec" : 0.21058122964169382,
    "sentKBytesPerSec" : 0.12660321661237786
  },
  "Post Buyer Order Request" : {
    "transaction" : "Post Buyer Order Request",
    "sampleCount" : 2,
    "errorCount" : 2,
    "errorPct" : 100.0,
    "meanResTime" : 328.0,
    "medianResTime" : 328.0,
    "minResTime" : 277.0,
    "maxResTime" : 379.0,
    "pct1ResTime" : 379.0,
    "pct2ResTime" : 379.0,
    "pct3ResTime" : 379.0,
    "throughput" : 0.30234315948601664,
    "receivedKBytesPerSec" : 0.10186366213151928,
    "sentKBytesPerSec" : 0.121645880574452
  },
  "Get Buyer Order Request" : {
    "transaction" : "Get Buyer Order Request",
    "sampleCount" : 2,
    "errorCount" : 0,
    "errorPct" : 0.0,
    "meanResTime" : 297.0,
    "medianResTime" : 297.0,
    "minResTime" : 287.0,
    "maxResTime" : 307.0,
    "pct1ResTime" : 307.0,
    "pct2ResTime" : 307.0,
    "pct3ResTime" : 307.0,
    "throughput" : 0.30184123151222453,
    "receivedKBytesPerSec" : 1.8131107568668878,
    "sentKBytesPerSec" : 0.10198932236643525
  },
  "Login Request" : {
    "transaction" : "Login Request",
    "sampleCount" : 2,
    "errorCount" : 0,
    "errorPct" : 0.0,
    "meanResTime" : 1392.5,
    "medianResTime" : 1392.5,
    "minResTime" : 1273.0,
    "maxResTime" : 1512.0,
    "pct1ResTime" : 1512.0,
    "pct2ResTime" : 1512.0,
    "pct3ResTime" : 1512.0,
    "throughput" : 0.3233629749393695,
    "receivedKBytesPerSec" : 0.16641824979789815,
    "sentKBytesPerSec" : 0.08557750606305578
  },
  "Add Seller Product" : {
    "transaction" : "Add Seller Product",
    "sampleCount" : 2,
    "errorCount" : 0,
    "errorPct" : 0.0,
    "meanResTime" : 1195.0,
    "medianResTime" : 1195.0,
    "minResTime" : 1167.0,
    "maxResTime" : 1223.0,
    "pct1ResTime" : 1223.0,
    "pct2ResTime" : 1223.0,
    "pct3ResTime" : 1223.0,
    "throughput" : 0.37230081906180196,
    "receivedKBytesPerSec" : 0.2510485503536858,
    "sentKBytesPerSec" : 68.32174498557335
  },
  "Get Seller Request" : {
    "transaction" : "Get Seller Request",
    "sampleCount" : 2,
    "errorCount" : 0,
    "errorPct" : 0.0,
    "meanResTime" : 319.5,
    "medianResTime" : 319.5,
    "minResTime" : 299.0,
    "maxResTime" : 340.0,
    "pct1ResTime" : 340.0,
    "pct2ResTime" : 340.0,
    "pct3ResTime" : 340.0,
    "throughput" : 0.44543429844098,
    "receivedKBytesPerSec" : 0.5235157989977728,
    "sentKBytesPerSec" : 0.15181305679287305
  }
}